{"stats":{"minecraft:killed_by":{"minecraft:zombie":1},"minecraft:custom":{"minecraft:jump":5,"minecraft:time_since_rest":12484,"tombstone:undead_killed":11,"minecraft:sprint_one_cm":71,"minecraft:crouch_one_cm":493,"minecraft:damage_taken":211,"minecraft:leave_game":2,"minecraft:play_time":17881,"minecraft:time_since_death":14883,"minecraft:walk_one_cm":4117,"minecraft:deaths":1,"minecraft:sneak_time":259,"minecraft:total_world_time":17881,"minecraft:mob_kills":11,"minecraft:drop":1,"minecraft:fall_one_cm":478,"minecraft:fly_one_cm":2556},"minecraft:dropped":{"tombstone:gift":1},"minecraft:killed":{"apocalypsenow:runner_50":1,"apocalypsenow:runner_35":1,"minecraft:zombie":9}},"DataVersion":3465}