{"stats":{"minecraft:custom":{"minecraft:damage_taken":211,"minecraft:time_since_rest":14363,"minecraft:leave_game":3,"minecraft:time_since_death":16762,"minecraft:crouch_one_cm":907,"minecraft:play_time":19760,"minecraft:walk_one_cm":4640,"minecraft:sprint_one_cm":141,"tombstone:undead_killed":11,"minecraft:deaths":1,"minecraft:sneak_time":394,"minecraft:total_world_time":19760,"minecraft:mob_kills":11,"minecraft:fall_one_cm":478,"minecraft:drop":1,"minecraft:fly_one_cm":3908,"minecraft:jump":13},"minecraft:killed":{"minecraft:zombie":9,"apocalypsenow:runner_50":1,"apocalypsenow:runner_35":1},"minecraft:killed_by":{"minecraft:zombie":1},"minecraft:dropped":{"tombstone:gift":1}},"DataVersion":3465}